brand_name,total_ncrc
Apple,92287874.0499993
Google,16238176.489999963
Samsung,10445573.770000027
XIAOMI,2350711.8100000047
Motorola,1409523.4000000018
Sony,861328.3300000001
Nothing,748535.0999999996
ASUS,228947.55000000005
Nokia,160478.72999999978
Poco,96025.38
HONOR,67249.09
OPPO,36132.630000000005
Panasonic,3916.09
